test_set,class,Baseline Model,Size-matched control,"Enhanced Model, urban CycleGAN","Enhanced Model, construction-night CycleGAN","Change, construction-night Enhanced vs Baseline","Change, construction-night Enhanced vs control"
ppe_test,helmet,0.9411,0.9325,0.9323,0.9362,-0.5%,+0.4%
ppe_test,gloves,0.7754,0.7724,0.7694,0.7665,-1.1%,-0.8%
ppe_test,vest,0.9008,0.8977,0.9073,0.9039,+0.3%,+0.7%
ppe_test,boots,0.7596,0.7446,0.7488,0.7440,-2.1%,-0.1%
ppe_test,goggles,0.7818,0.7942,0.7966,0.8194,+4.8%,+3.2%
ppe_test,none,0.3984,0.3871,0.4560,0.4414,+10.8%,+14.0%
ppe_test,Person,0.8250,0.8294,0.8327,0.8326,+0.9%,+0.4%
ppe_test,no_helmet,0.1507,0.1716,0.1552,0.1787,+18.5%,+4.1%
ppe_test,no_goggle,0.1672,0.1451,0.1917,0.1871,+11.9%,+29.0%
ppe_test,no_gloves,0.1395,0.1669,0.1294,0.1190,-14.7%,-28.7%
ppe_test,no_boots,0.0209,0.0319,0.0279,0.0161,-22.9%,-49.5%
sfchd_day,helmet,0.0876,0.1015,0.1187,0.1079,+23.2%,+6.3%
sfchd_day,Person,0.1432,0.2368,0.2322,0.2388,+66.7%,+0.8%
sfchd_night,helmet,0.1008,0.0931,0.0709,0.0865,-14.1%,-7.1%
sfchd_night,Person,0.1554,0.2279,0.2016,0.2349,+51.2%,+3.1%
