rank,image,upper_third_luminance,annotated_workers,decision,use
0,train/0012393.jpg,3.8,7,"night-time, kept",translation pool
1,train/0017127.jpg,3.8,7,"night-time, near-duplicate removed",
2,train/0008724.jpg,4.3,0,"night-time, kept",translation pool
3,val/0021807.jpg,4.3,0,"night-time, kept",translation pool
4,train/0008385.jpg,5.2,3,"night-time, kept",translation pool
5,val/0019442.jpg,5.3,4,"night-time, kept",translation pool
6,val/0021616.jpg,6.3,0,"night-time, kept",validation
7,train/0009353.jpg,6.5,0,"night-time, kept",validation
8,val/0019959.jpg,6.5,0,"night-time, kept",validation
9,val/0021847.jpg,6.8,0,"night-time, kept",validation
10,val/0020036.jpg,8.0,0,"night-time, kept",validation
11,train/0009109.jpg,8.1,1,"night-time, kept",translation pool
12,train/0006730.jpg,8.8,0,"night-time, kept",validation
13,train/0006342.jpg,8.8,2,"night-time, kept",translation pool
14,train/0013709.jpg,8.8,2,"night-time, near-duplicate removed",
15,val/0022436.jpg,8.9,0,"night-time, kept",validation
16,train/0012004.jpg,8.9,10,"night-time, kept",validation
17,val/0020636.jpg,9.6,1,"night-time, kept",translation pool
18,train/0004713.jpg,9.7,0,"night-time, kept",translation pool
19,train/0013917.jpg,9.9,5,"night-time, kept",translation pool
20,train/0009392.jpg,10.1,3,"night-time, kept",translation pool
21,val/0023285.jpg,10.8,3,"night-time, kept",validation
22,train/0004524.jpg,10.9,0,"night-time, kept",validation
23,train/0008906.jpg,11.2,0,"night-time, kept",translation pool
24,train/0007700.jpg,11.5,4,"night-time, kept",translation pool
25,train/0014358.jpg,11.8,4,"night-time, kept",validation
26,train/0015783.jpg,11.8,2,"night-time, kept",translation pool
27,val/0020204.jpg,12.3,0,"night-time, kept",validation
28,train/0000297.jpg,12.5,0,"night-time, kept",translation pool
29,val/0022623.jpg,12.6,5,"night-time, kept",translation pool
30,train/0009046.jpg,13.0,6,"night-time, kept",translation pool
31,train/0013540.jpg,13.0,6,"night-time, near-duplicate removed",
32,train/0001079.jpg,13.1,1,"night-time, kept",translation pool
33,train/0019340.jpg,13.4,7,"night-time, kept",translation pool
34,train/0010087.jpg,13.5,5,"night-time, kept",translation pool
35,train/0011281.jpg,13.5,5,"night-time, near-duplicate removed",
36,val/0023340.jpg,13.7,3,"night-time, kept",translation pool
37,train/0014033.jpg,13.7,1,"night-time, kept",validation
38,train/0002624.jpg,13.8,6,"night-time, kept",validation
39,train/0006392.jpg,13.8,6,"night-time, near-duplicate removed",
40,train/0011113.jpg,14.2,4,"night-time, kept",translation pool
41,train/0009710.jpg,14.2,2,"night-time, kept",validation
42,train/0012534.jpg,14.5,4,"night-time, kept",translation pool
43,train/0004472.jpg,14.5,7,"night-time, kept",translation pool
44,val/0022159.jpg,14.7,6,"night-time, kept",validation
45,train/0014990.jpg,14.9,1,"night-time, kept",translation pool
46,train/0004491.jpg,15.0,3,"night-time, kept",translation pool
47,train/0003948.jpg,15.7,1,"night-time, kept",validation
48,val/0020284.jpg,15.8,0,"night-time, kept",validation
49,train/0005890.jpg,15.9,2,"night-time, kept",validation
50,train/0001035.jpg,16.1,1,"night-time, kept",validation
51,val/0022612.jpg,16.3,0,"night-time, kept",translation pool
52,train/0004984.jpg,16.3,0,"night-time, kept",validation
53,val/0022185.jpg,16.8,0,"night-time, kept",translation pool
54,train/0009864.jpg,16.9,0,"night-time, kept",translation pool
55,train/0002486.jpg,16.9,3,"night-time, kept",translation pool
56,train/0009465.jpg,17.0,3,"night-time, kept",translation pool
57,train/0004489.jpg,17.0,0,"night-time, kept",translation pool
58,train/0018821.jpg,17.1,4,"night-time, kept",validation
59,val/0023204.jpg,17.4,0,"night-time, kept",translation pool
60,train/0004656.jpg,17.8,3,"night-time, kept",translation pool
61,train/0007546.jpg,18.1,2,"night-time, kept",translation pool
62,train/0005577.jpg,18.3,1,"night-time, kept",validation
63,val/0023216.jpg,18.3,0,"night-time, kept",translation pool
64,train/0004819.jpg,18.3,3,"night-time, kept",translation pool
65,val/0019463.jpg,18.3,3,"night-time, near-duplicate removed",
66,train/0013827.jpg,18.4,0,"night-time, kept",translation pool
67,train/0005065.jpg,18.5,5,"night-time, kept",validation
68,train/0002192.jpg,18.6,0,"night-time, kept",translation pool
69,val/0020758.jpg,18.6,3,"night-time, kept",translation pool
70,train/0000425.jpg,18.6,0,"night-time, kept",translation pool
71,val/0023384.jpg,18.8,0,"night-time, kept",translation pool
72,train/0002543.jpg,19.2,0,"night-time, kept",translation pool
73,val/0020817.jpg,19.3,4,"night-time, kept",translation pool
74,train/0017782.jpg,19.4,0,"night-time, kept",translation pool
75,train/0019038.jpg,19.5,0,"night-time, kept",translation pool
76,train/0011414.jpg,19.5,2,"night-time, kept",validation
77,train/0004383.jpg,19.7,9,"night-time, kept",translation pool
78,train/0007262.jpg,19.7,3,"night-time, kept",translation pool
79,val/0022695.jpg,19.8,0,"night-time, kept",translation pool
80,val/0022680.jpg,19.9,0,"night-time, kept",translation pool
81,val/0020179.jpg,20.0,0,"night-time, kept",validation
82,train/0006578.jpg,20.0,0,"night-time, kept",translation pool
83,val/0020431.jpg,20.2,0,"night-time, kept",translation pool
84,train/0004708.jpg,20.4,5,"night-time, kept",translation pool
85,val/0020776.jpg,20.5,6,"night-time, kept",translation pool
86,val/0019811.jpg,20.8,5,"night-time, kept",translation pool
87,train/0004294.jpg,20.8,5,"night-time, kept",translation pool
88,train/0003149.jpg,20.9,5,"night-time, kept",translation pool
89,train/0017438.jpg,20.9,2,"night-time, kept",translation pool
90,train/0019242.jpg,21.0,2,"night-time, kept",translation pool
91,val/0021993.jpg,21.1,0,"night-time, kept",translation pool
92,val/0020886.jpg,21.2,0,"night-time, kept",translation pool
93,val/0021390.jpg,21.4,0,"night-time, kept",translation pool
94,train/0018106.jpg,21.9,0,"night-time, kept",translation pool
95,train/0016104.jpg,22.1,0,"night-time, kept",validation
96,train/0002777.jpg,22.3,0,"night-time, kept",translation pool
97,val/0020630.jpg,22.3,1,"night-time, kept",translation pool
98,val/0021493.jpg,22.5,0,"night-time, kept",translation pool
99,train/0002104.jpg,22.5,5,"night-time, kept",translation pool
100,train/0017513.jpg,22.7,4,excluded (not lit only by artificial light at night),
101,val/0019608.jpg,22.7,3,"night-time, kept",validation
102,train/0005743.jpg,22.8,3,excluded (not lit only by artificial light at night),
103,train/0011196.jpg,22.9,1,"night-time, kept",validation
104,train/0003794.jpg,22.9,0,"night-time, kept",translation pool
105,train/0014621.jpg,23.0,3,excluded (not lit only by artificial light at night),
106,train/0006042.jpg,23.3,2,"night-time, kept",translation pool
107,train/0014203.jpg,23.3,0,"night-time, near-duplicate removed",
108,train/0009644.jpg,23.4,0,"night-time, near-duplicate removed",
109,train/0017165.jpg,23.4,0,"night-time, near-duplicate removed",
110,train/0018784.jpg,23.4,0,"night-time, near-duplicate removed",
111,train/0003680.jpg,23.4,0,"night-time, near-duplicate removed",
112,train/0018135.jpg,23.4,0,"night-time, near-duplicate removed",
113,train/0006317.jpg,23.6,0,"night-time, near-duplicate removed",
114,train/0004073.jpg,23.6,0,"night-time, kept",translation pool
115,train/0014886.jpg,23.6,0,"night-time, near-duplicate removed",
116,train/0009951.jpg,23.7,0,"night-time, near-duplicate removed",
117,train/0006422.jpg,23.7,0,"night-time, near-duplicate removed",
118,train/0016540.jpg,23.7,0,"night-time, near-duplicate removed",
119,train/0012863.jpg,23.7,7,"night-time, kept",translation pool
120,train/0019073.jpg,23.7,0,"night-time, near-duplicate removed",
121,train/0017728.jpg,23.8,0,"night-time, near-duplicate removed",
122,val/0022234.jpg,23.8,0,"night-time, kept",translation pool
123,train/0010696.jpg,23.9,2,"night-time, kept",translation pool
124,train/0009366.jpg,24.0,0,"night-time, near-duplicate removed",
125,train/0008614.jpg,24.1,0,"night-time, near-duplicate removed",
126,train/0005039.jpg,24.2,0,"night-time, near-duplicate removed",
127,train/0012691.jpg,24.3,0,"night-time, near-duplicate removed",
128,train/0017088.jpg,24.3,6,"night-time, kept",translation pool
129,train/0005410.jpg,24.3,0,"night-time, near-duplicate removed",
130,train/0002076.jpg,24.4,0,"night-time, kept",translation pool
131,train/0011890.jpg,24.4,0,"night-time, near-duplicate removed",
132,train/0017897.jpg,24.4,0,"night-time, near-duplicate removed",
133,val/0022300.jpg,24.5,0,"night-time, near-duplicate removed",
134,train/0007978.jpg,24.6,4,"night-time, kept",translation pool
135,train/0002419.jpg,24.6,0,"night-time, near-duplicate removed",
136,train/0001218.jpg,24.7,3,"night-time, kept",translation pool
137,train/0008499.jpg,24.7,0,"night-time, near-duplicate removed",
138,train/0019234.jpg,24.7,0,"night-time, near-duplicate removed",
139,train/0017425.jpg,24.8,3,"night-time, kept",translation pool
140,train/0012288.jpg,24.8,9,"night-time, kept",translation pool
141,train/0000923.jpg,24.8,0,"night-time, near-duplicate removed",
142,train/0015658.jpg,24.9,0,"night-time, near-duplicate removed",
143,train/0015189.jpg,24.9,0,"night-time, near-duplicate removed",
144,train/0015911.jpg,24.9,0,"night-time, near-duplicate removed",
145,train/0018766.jpg,24.9,0,"night-time, near-duplicate removed",
146,val/0021484.jpg,24.9,1,"night-time, kept",translation pool
147,train/0002449.jpg,24.9,0,"night-time, near-duplicate removed",
148,train/0016519.jpg,25.0,1,"night-time, kept",validation
149,train/0007858.jpg,25.0,0,"night-time, near-duplicate removed",
150,train/0017785.jpg,25.0,1,"night-time, kept",translation pool
151,train/0006595.jpg,25.0,0,"night-time, near-duplicate removed",
152,train/0017557.jpg,25.0,1,"night-time, near-duplicate removed",
153,train/0009062.jpg,25.0,1,"night-time, kept",translation pool
154,train/0009022.jpg,25.0,11,"night-time, kept",translation pool
155,train/0012817.jpg,25.0,13,"night-time, kept",translation pool
156,train/0012481.jpg,25.1,0,"night-time, near-duplicate removed",
157,train/0012600.jpg,25.2,0,"night-time, kept",validation
158,val/0022821.jpg,25.4,0,"night-time, kept",validation
159,train/0003967.jpg,25.4,0,"night-time, kept",translation pool
160,train/0005903.jpg,25.5,0,"night-time, kept",translation pool
161,train/0013422.jpg,25.7,0,"night-time, near-duplicate removed",
162,train/0008253.jpg,25.8,1,excluded (not lit only by artificial light at night),
163,train/0013272.jpg,25.8,3,"night-time, kept",validation
164,train/0000125.jpg,25.9,0,"night-time, near-duplicate removed",
165,train/0017440.jpg,25.9,3,"night-time, kept",validation
166,train/0010165.jpg,26.0,0,"night-time, near-duplicate removed",
167,train/0009732.jpg,26.0,0,"night-time, near-duplicate removed",
168,train/0011967.jpg,26.0,1,"night-time, kept",validation
169,train/0001958.jpg,26.2,0,"night-time, near-duplicate removed",
170,val/0022032.jpg,26.3,0,"night-time, kept",translation pool
171,val/0022431.jpg,26.4,3,"night-time, kept",validation
172,val/0021992.jpg,26.4,0,"night-time, kept",validation
173,train/0008986.jpg,26.5,0,"night-time, near-duplicate removed",
174,train/0016307.jpg,26.5,0,"night-time, near-duplicate removed",
175,train/0012964.jpg,26.5,0,"night-time, kept",translation pool
176,train/0014558.jpg,26.6,1,"night-time, kept",translation pool
177,train/0004200.jpg,26.6,0,"night-time, near-duplicate removed",
178,train/0000335.jpg,26.8,0,"night-time, kept",validation
179,train/0017899.jpg,26.9,0,"night-time, near-duplicate removed",
180,train/0013577.jpg,26.9,1,"night-time, kept",translation pool
181,train/0009642.jpg,26.9,0,"night-time, near-duplicate removed",
182,val/0019529.jpg,26.9,1,"night-time, kept",translation pool
183,train/0013108.jpg,26.9,0,"night-time, near-duplicate removed",
184,train/0004900.jpg,26.9,2,"night-time, kept",validation
185,train/0001905.jpg,27.0,0,"night-time, near-duplicate removed",
186,val/0023395.jpg,27.0,11,"night-time, kept",translation pool
187,train/0016084.jpg,27.1,0,"night-time, near-duplicate removed",
188,train/0016425.jpg,27.2,0,"night-time, near-duplicate removed",
189,train/0005674.jpg,27.2,6,"night-time, near-duplicate removed",
190,train/0008691.jpg,27.5,0,"night-time, near-duplicate removed",
191,train/0018884.jpg,27.5,0,"night-time, near-duplicate removed",
192,val/0022872.jpg,27.6,1,"night-time, kept",validation
193,train/0012138.jpg,27.6,2,"night-time, kept",translation pool
194,val/0020381.jpg,27.7,6,"night-time, kept",translation pool
195,val/0022989.jpg,27.8,1,"night-time, kept",validation
196,val/0019817.jpg,27.8,0,"night-time, kept",validation
197,train/0007984.jpg,27.9,0,"night-time, near-duplicate removed",
198,train/0007491.jpg,27.9,0,"night-time, kept",translation pool
199,train/0017971.jpg,27.9,0,"night-time, near-duplicate removed",
200,train/0016281.jpg,27.9,0,"night-time, near-duplicate removed",
201,train/0019036.jpg,28.2,0,"night-time, near-duplicate removed",
202,train/0008065.jpg,28.2,0,"night-time, near-duplicate removed",
203,train/0008356.jpg,28.3,1,"night-time, kept",translation pool
204,train/0005905.jpg,28.3,1,"night-time, near-duplicate removed",
205,val/0021263.jpg,28.3,0,"night-time, kept",translation pool
206,train/0012358.jpg,28.3,5,"night-time, kept",translation pool
207,val/0021452.jpg,28.5,0,"night-time, kept",validation
208,train/0011260.jpg,28.6,2,"night-time, kept",translation pool
209,train/0015508.jpg,28.7,5,"night-time, kept",translation pool
210,train/0019199.jpg,28.7,2,"night-time, kept",validation
211,train/0014107.jpg,28.9,2,excluded (not lit only by artificial light at night),
212,train/0005009.jpg,28.9,1,"night-time, kept",translation pool
213,val/0020322.jpg,29.5,0,excluded (not lit only by artificial light at night),
214,val/0022580.jpg,29.5,0,excluded (not lit only by artificial light at night),
215,train/0012069.jpg,29.5,0,"night-time, kept",validation
216,train/0004459.jpg,29.6,0,"night-time, kept",validation
217,val/0020003.jpg,29.6,5,"night-time, kept",translation pool
218,train/0018409.jpg,29.8,5,"night-time, kept",validation
219,train/0014883.jpg,29.8,1,"night-time, kept",translation pool
220,train/0017297.jpg,29.8,1,"night-time, kept",validation
221,train/0018336.jpg,29.9,4,"night-time, kept",translation pool
222,train/0010728.jpg,29.9,0,"night-time, kept",translation pool
223,train/0001232.jpg,30.3,1,"night-time, kept",translation pool
224,train/0013634.jpg,30.5,8,"night-time, kept",validation
225,train/0016987.jpg,30.6,5,"night-time, kept",translation pool
226,train/0019254.jpg,30.7,3,"night-time, kept",translation pool
227,val/0020287.jpg,30.9,2,"night-time, kept",translation pool
228,val/0021303.jpg,31.0,3,"night-time, kept",translation pool
229,train/0008498.jpg,31.0,0,"night-time, kept",translation pool
230,train/0014295.jpg,31.3,3,excluded (not lit only by artificial light at night),
231,train/0006092.jpg,31.4,8,"night-time, kept",translation pool
232,train/0010118.jpg,31.6,1,excluded (not lit only by artificial light at night),
233,train/0011696.jpg,31.7,0,excluded (not lit only by artificial light at night),
234,val/0020189.jpg,31.8,3,"night-time, kept",translation pool
235,train/0001460.jpg,31.8,4,"night-time, kept",translation pool
236,train/0002373.jpg,31.8,0,"night-time, kept",translation pool
237,train/0006844.jpg,31.9,10,"night-time, kept",translation pool
238,train/0011103.jpg,31.9,0,"night-time, kept",validation
239,train/0010997.jpg,31.9,4,"night-time, kept",validation
240,train/0019262.jpg,31.9,5,"night-time, near-duplicate removed",
241,val/0022677.jpg,31.9,0,"night-time, kept",validation
242,train/0006731.jpg,32.0,1,"night-time, kept",translation pool
243,train/0013176.jpg,32.0,4,"night-time, kept",translation pool
244,train/0011135.jpg,32.0,7,"night-time, kept",validation
245,val/0021472.jpg,32.3,0,"night-time, kept",validation
246,train/0008299.jpg,32.3,4,"night-time, kept",translation pool
247,train/0012999.jpg,32.3,1,"night-time, kept",validation
248,val/0022658.jpg,32.4,1,"night-time, kept",translation pool
249,val/0023275.jpg,32.4,2,"night-time, kept",translation pool
250,train/0017808.jpg,32.4,0,"night-time, kept",translation pool
251,train/0009894.jpg,32.7,3,"night-time, kept",translation pool
252,train/0016601.jpg,32.8,3,"night-time, kept",validation
253,train/0005337.jpg,32.9,0,"night-time, kept",validation
254,train/0010929.jpg,33.0,0,"night-time, kept",translation pool
255,train/0008991.jpg,33.1,0,"night-time, kept",translation pool
256,train/0002671.jpg,33.1,2,"night-time, kept",translation pool
257,train/0015390.jpg,33.1,1,excluded (not lit only by artificial light at night),
258,train/0018570.jpg,33.1,2,"night-time, kept",translation pool
259,train/0003505.jpg,33.2,0,"night-time, kept",translation pool
260,val/0019684.jpg,33.4,0,"night-time, kept",translation pool
261,val/0020619.jpg,33.4,0,"night-time, near-duplicate removed",
262,train/0002546.jpg,33.6,1,excluded (not lit only by artificial light at night),
263,train/0008785.jpg,33.7,2,excluded (not lit only by artificial light at night),
264,train/0006973.jpg,33.7,1,excluded (not lit only by artificial light at night),
265,train/0007271.jpg,34.0,5,"night-time, kept",translation pool
266,val/0020897.jpg,34.2,0,"night-time, kept",translation pool
267,train/0009131.jpg,34.2,2,"night-time, kept",translation pool
268,val/0021196.jpg,34.5,0,"night-time, kept",translation pool
269,train/0017478.jpg,34.6,5,"night-time, kept",translation pool
270,train/0002510.jpg,34.7,1,"night-time, kept",translation pool
271,train/0016772.jpg,34.9,0,"night-time, kept",translation pool
272,val/0022155.jpg,35.1,4,"night-time, kept",translation pool
273,train/0009621.jpg,35.2,1,"night-time, kept",validation
274,train/0015355.jpg,35.3,6,"night-time, kept",translation pool
275,val/0020457.jpg,35.3,4,"night-time, kept",validation
276,train/0011074.jpg,35.4,6,"night-time, kept",translation pool
277,train/0000411.jpg,35.4,0,"night-time, kept",translation pool
278,train/0010408.jpg,35.6,4,"night-time, kept",translation pool
279,train/0004282.jpg,35.7,3,"night-time, kept",translation pool
280,train/0014198.jpg,35.9,5,"night-time, kept",translation pool
281,train/0001627.jpg,36.0,0,"night-time, kept",validation
282,val/0021817.jpg,36.0,4,"night-time, kept",validation
283,train/0015273.jpg,36.1,0,"night-time, kept",validation
284,train/0002800.jpg,36.1,10,"night-time, kept",validation
285,train/0004985.jpg,36.1,0,"night-time, kept",translation pool
286,train/0018726.jpg,36.4,8,"night-time, kept",validation
287,train/0008794.jpg,36.4,0,excluded (not lit only by artificial light at night),
288,train/0008739.jpg,36.4,2,"night-time, kept",validation
289,train/0008035.jpg,36.6,1,excluded (not lit only by artificial light at night),
290,train/0001766.jpg,36.6,4,"night-time, kept",translation pool
291,val/0020200.jpg,36.8,3,"night-time, kept",translation pool
292,val/0020715.jpg,36.8,10,"night-time, kept",translation pool
293,train/0013934.jpg,37.1,5,"night-time, kept",translation pool
294,train/0007889.jpg,37.1,1,"night-time, kept",translation pool
295,train/0014029.jpg,37.1,3,"night-time, kept",validation
296,train/0016008.jpg,37.2,13,"night-time, kept",translation pool
297,val/0021851.jpg,37.3,3,excluded (not lit only by artificial light at night),
298,train/0003647.jpg,37.4,0,"night-time, kept",validation
299,train/0014454.jpg,37.8,2,"night-time, kept",translation pool
300,train/0008703.jpg,38.0,5,excluded (not lit only by artificial light at night),
301,train/0006606.jpg,38.0,1,"night-time, kept",translation pool
302,train/0014212.jpg,38.3,6,"night-time, kept",translation pool
303,train/0010645.jpg,38.6,0,"night-time, kept",validation
304,train/0015610.jpg,38.7,4,"night-time, kept",validation
305,train/0007918.jpg,38.7,2,excluded (not lit only by artificial light at night),
306,train/0006629.jpg,38.7,7,"night-time, kept",translation pool
307,train/0017631.jpg,38.7,2,"night-time, kept",validation
308,train/0015206.jpg,38.8,2,"night-time, kept",translation pool
309,train/0006255.jpg,38.8,3,"night-time, kept",translation pool
310,train/0013052.jpg,38.9,3,excluded (not lit only by artificial light at night),
311,train/0015630.jpg,38.9,2,excluded (not lit only by artificial light at night),
312,train/0015173.jpg,38.9,2,excluded (not lit only by artificial light at night),
313,train/0009867.jpg,39.0,3,excluded (not lit only by artificial light at night),
314,train/0015741.jpg,39.0,2,excluded (not lit only by artificial light at night),
315,train/0014845.jpg,39.1,0,"night-time, kept",translation pool
316,train/0000007.jpg,39.2,6,excluded (not lit only by artificial light at night),
317,train/0013870.jpg,39.3,6,"night-time, kept",translation pool
318,val/0023148.jpg,39.3,0,"night-time, kept",validation
319,train/0012078.jpg,39.4,1,"night-time, kept",validation
320,train/0009362.jpg,39.4,0,"night-time, kept",translation pool
321,train/0002799.jpg,39.7,6,excluded (not lit only by artificial light at night),
322,train/0004127.jpg,39.7,7,"night-time, kept",validation
323,train/0002099.jpg,39.8,4,excluded (not lit only by artificial light at night),
324,train/0001292.jpg,39.9,3,excluded (not lit only by artificial light at night),
325,train/0019028.jpg,39.9,6,"night-time, kept",translation pool
326,train/0014657.jpg,40.1,2,"night-time, kept",translation pool
327,val/0023193.jpg,40.2,0,"night-time, kept",translation pool
328,val/0021565.jpg,40.2,5,excluded (not lit only by artificial light at night),
329,train/0013335.jpg,40.3,4,"night-time, kept",translation pool
330,train/0004963.jpg,40.4,0,"night-time, kept",translation pool
331,train/0012855.jpg,40.4,3,"night-time, kept",validation
332,val/0022662.jpg,40.5,0,"night-time, kept",translation pool
333,train/0018144.jpg,40.5,10,excluded (not lit only by artificial light at night),
334,train/0002806.jpg,40.6,2,excluded (not lit only by artificial light at night),
335,train/0011717.jpg,40.6,0,"night-time, kept",validation
336,val/0019753.jpg,40.7,4,"night-time, kept",translation pool
337,train/0017499.jpg,40.7,0,"night-time, kept",translation pool
338,train/0016312.jpg,40.8,2,"night-time, kept",validation
339,val/0019936.jpg,40.8,2,excluded (not lit only by artificial light at night),
340,train/0013184.jpg,40.9,9,excluded (not lit only by artificial light at night),
341,train/0005883.jpg,40.9,3,excluded (not lit only by artificial light at night),
342,train/0004586.jpg,41.0,0,excluded (not lit only by artificial light at night),
343,train/0000873.jpg,41.3,0,"night-time, kept",validation
344,train/0016828.jpg,41.4,2,"night-time, kept",translation pool
345,train/0006295.jpg,41.4,1,"night-time, kept",translation pool
346,train/0002359.jpg,41.6,2,excluded (not lit only by artificial light at night),
347,train/0005970.jpg,41.7,5,excluded (not lit only by artificial light at night),
348,train/0016358.jpg,41.7,8,"night-time, kept",translation pool
349,train/0011146.jpg,41.7,8,"night-time, near-duplicate removed",
350,train/0008112.jpg,41.8,3,excluded (not lit only by artificial light at night),
351,train/0012708.jpg,42.1,6,excluded (not lit only by artificial light at night),
352,train/0014949.jpg,42.2,2,excluded (not lit only by artificial light at night),
353,val/0019655.jpg,42.2,1,"night-time, kept",translation pool
354,train/0011457.jpg,42.2,6,excluded (not lit only by artificial light at night),
355,val/0020824.jpg,42.4,0,excluded (not lit only by artificial light at night),
356,train/0015814.jpg,42.5,2,excluded (not lit only by artificial light at night),
357,train/0014763.jpg,42.6,4,excluded (not lit only by artificial light at night),
358,train/0014996.jpg,42.6,5,excluded (not lit only by artificial light at night),
359,train/0010231.jpg,42.8,0,excluded (not lit only by artificial light at night),
360,train/0015033.jpg,43.0,4,excluded (not lit only by artificial light at night),
361,train/0013754.jpg,43.2,1,excluded (not lit only by artificial light at night),
362,train/0008725.jpg,43.2,2,excluded (not lit only by artificial light at night),
363,train/0007721.jpg,43.2,4,excluded (not lit only by artificial light at night),
364,train/0013226.jpg,43.4,3,excluded (not lit only by artificial light at night),
365,train/0015192.jpg,43.4,3,excluded (not lit only by artificial light at night),
366,train/0001925.jpg,43.4,4,excluded (not lit only by artificial light at night),
367,val/0020539.jpg,43.4,5,excluded (not lit only by artificial light at night),
368,train/0003436.jpg,43.5,3,excluded (not lit only by artificial light at night),
369,train/0001242.jpg,43.6,0,excluded (not lit only by artificial light at night),
370,val/0022093.jpg,43.7,3,excluded (not lit only by artificial light at night),
371,train/0007297.jpg,43.8,7,excluded (not lit only by artificial light at night),
372,train/0015864.jpg,43.9,4,excluded (not lit only by artificial light at night),
373,train/0004631.jpg,43.9,7,excluded (not lit only by artificial light at night),
374,train/0005683.jpg,43.9,6,excluded (not lit only by artificial light at night),
375,train/0006123.jpg,44.0,0,"night-time, kept",translation pool
376,train/0012240.jpg,44.1,5,excluded (not lit only by artificial light at night),
377,train/0015934.jpg,44.1,4,excluded (not lit only by artificial light at night),
378,train/0002524.jpg,44.1,4,excluded (not lit only by artificial light at night),
379,train/0007486.jpg,44.1,0,excluded (not lit only by artificial light at night),
380,train/0014437.jpg,44.1,2,excluded (not lit only by artificial light at night),
381,train/0001666.jpg,44.1,1,excluded (not lit only by artificial light at night),
382,val/0022934.jpg,44.1,3,excluded (not lit only by artificial light at night),
383,train/0006002.jpg,44.2,0,excluded (not lit only by artificial light at night),
384,train/0007329.jpg,44.3,2,excluded (not lit only by artificial light at night),
385,val/0022123.jpg,44.3,3,excluded (not lit only by artificial light at night),
386,val/0022537.jpg,44.4,1,excluded (not lit only by artificial light at night),
387,train/0008130.jpg,44.5,1,"night-time, kept",translation pool
388,train/0009403.jpg,44.5,4,"night-time, kept",translation pool
389,train/0001387.jpg,44.6,3,"night-time, kept",translation pool
390,train/0014095.jpg,44.6,0,"night-time, kept",validation
391,train/0003355.jpg,44.8,3,excluded (not lit only by artificial light at night),
392,train/0013313.jpg,44.8,3,excluded (not lit only by artificial light at night),
393,train/0008019.jpg,44.8,2,excluded (not lit only by artificial light at night),
394,train/0007215.jpg,44.8,0,excluded (not lit only by artificial light at night),
395,train/0017732.jpg,45.1,8,excluded (not lit only by artificial light at night),
396,train/0005055.jpg,45.2,4,"night-time, kept",translation pool
397,train/0016165.jpg,45.2,0,excluded (not lit only by artificial light at night),
398,train/0006949.jpg,45.3,1,"night-time, kept",translation pool
399,train/0013609.jpg,45.3,5,"night-time, kept",translation pool
400,train/0010836.jpg,45.5,4,excluded (not lit only by artificial light at night),
401,train/0010394.jpg,45.5,4,excluded (not lit only by artificial light at night),
402,train/0007816.jpg,45.5,7,excluded (not lit only by artificial light at night),
403,train/0018395.jpg,45.6,6,"night-time, kept",translation pool
404,train/0004300.jpg,45.6,3,"night-time, kept",validation
405,train/0005828.jpg,45.7,4,"night-time, kept",translation pool
406,val/0021106.jpg,45.8,1,excluded (not lit only by artificial light at night),
407,train/0006752.jpg,45.8,2,"night-time, kept",translation pool
408,train/0011701.jpg,45.9,3,"night-time, kept",translation pool
409,train/0001587.jpg,45.9,3,"night-time, near-duplicate removed",
410,train/0007236.jpg,46.0,1,"night-time, kept",translation pool
411,train/0017337.jpg,46.2,9,"night-time, kept",translation pool
412,val/0021712.jpg,46.2,0,"night-time, kept",validation
413,train/0001955.jpg,46.4,2,"night-time, kept",translation pool
414,train/0012395.jpg,46.5,1,excluded (not lit only by artificial light at night),
415,val/0019958.jpg,46.5,3,excluded (not lit only by artificial light at night),
416,train/0013772.jpg,46.7,3,excluded (not lit only by artificial light at night),
417,train/0004891.jpg,46.8,4,excluded (not lit only by artificial light at night),
418,train/0002872.jpg,46.9,5,"night-time, kept",translation pool
419,train/0000480.jpg,47.0,3,"night-time, kept",translation pool
420,train/0008252.jpg,47.1,7,excluded (not lit only by artificial light at night),
421,train/0004766.jpg,47.1,7,excluded (not lit only by artificial light at night),
422,val/0022308.jpg,47.2,7,excluded (not lit only by artificial light at night),
423,train/0002485.jpg,47.4,4,"night-time, kept",translation pool
424,train/0011184.jpg,47.5,1,excluded (not lit only by artificial light at night),
425,train/0000144.jpg,47.5,4,excluded (not lit only by artificial light at night),
426,train/0010964.jpg,48.0,2,excluded (not lit only by artificial light at night),
427,train/0013769.jpg,48.0,2,excluded (not lit only by artificial light at night),
428,train/0016109.jpg,48.0,0,"night-time, kept",translation pool
429,train/0008457.jpg,48.0,3,excluded (not lit only by artificial light at night),
430,train/0012227.jpg,48.1,1,excluded (not lit only by artificial light at night),
431,train/0002004.jpg,48.1,6,excluded (not lit only by artificial light at night),
432,train/0004532.jpg,48.1,8,excluded (not lit only by artificial light at night),
433,val/0023082.jpg,48.2,2,excluded (not lit only by artificial light at night),
434,train/0003460.jpg,48.4,7,excluded (not lit only by artificial light at night),
435,train/0007198.jpg,48.4,7,excluded (not lit only by artificial light at night),
436,train/0009986.jpg,48.4,6,excluded (not lit only by artificial light at night),
437,train/0016102.jpg,48.5,1,"night-time, kept",translation pool
438,train/0010514.jpg,48.6,3,excluded (not lit only by artificial light at night),
439,train/0010838.jpg,48.6,7,excluded (not lit only by artificial light at night),
440,train/0001819.jpg,48.8,2,excluded (not lit only by artificial light at night),
441,train/0014591.jpg,48.9,5,excluded (not lit only by artificial light at night),
442,train/0002258.jpg,48.9,0,excluded (not lit only by artificial light at night),
443,train/0001581.jpg,48.9,4,excluded (not lit only by artificial light at night),
444,train/0009475.jpg,48.9,4,excluded (not lit only by artificial light at night),
445,train/0001861.jpg,48.9,3,excluded (not lit only by artificial light at night),
446,train/0012741.jpg,49.0,5,"night-time, kept",translation pool
447,train/0007288.jpg,49.1,2,excluded (not lit only by artificial light at night),
448,train/0003645.jpg,49.2,2,excluded (not lit only by artificial light at night),
449,val/0019604.jpg,49.3,4,excluded (not lit only by artificial light at night),
450,train/0009714.jpg,49.4,4,"night-time, kept",validation
451,val/0021061.jpg,49.4,0,"night-time, kept",translation pool
452,train/0009372.jpg,49.5,6,excluded (not lit only by artificial light at night),
453,train/0010313.jpg,49.5,4,excluded (not lit only by artificial light at night),
454,train/0008087.jpg,49.6,7,"night-time, kept",translation pool
455,train/0015880.jpg,49.6,1,excluded (not lit only by artificial light at night),
456,train/0006290.jpg,49.6,3,"night-time, kept",validation
457,train/0018383.jpg,49.6,2,excluded (not lit only by artificial light at night),
458,train/0000112.jpg,49.7,1,excluded (not lit only by artificial light at night),
459,val/0019616.jpg,49.7,0,"night-time, kept",validation
460,val/0020705.jpg,49.7,0,"night-time, near-duplicate removed",
461,train/0011839.jpg,49.7,4,"night-time, kept",translation pool
462,train/0016248.jpg,49.8,4,excluded (not lit only by artificial light at night),
463,train/0002967.jpg,49.8,4,excluded (not lit only by artificial light at night),
464,val/0020931.jpg,49.8,2,"night-time, kept",translation pool
465,train/0016746.jpg,49.9,3,excluded (not lit only by artificial light at night),
466,train/0013925.jpg,50.0,5,excluded (not lit only by artificial light at night),
467,train/0007654.jpg,50.0,5,excluded (not lit only by artificial light at night),
468,train/0005028.jpg,50.0,1,excluded (not lit only by artificial light at night),
469,train/0009145.jpg,50.3,1,"night-time, kept",validation
470,train/0009921.jpg,50.6,3,excluded (not lit only by artificial light at night),
471,train/0010589.jpg,50.6,1,excluded (not lit only by artificial light at night),
472,train/0002520.jpg,50.6,1,excluded (not lit only by artificial light at night),
473,train/0014131.jpg,50.7,1,excluded (not lit only by artificial light at night),
474,train/0002383.jpg,50.7,1,excluded (not lit only by artificial light at night),
475,train/0013452.jpg,50.9,4,excluded (not lit only by artificial light at night),
476,train/0013175.jpg,51.0,8,excluded (not lit only by artificial light at night),
477,train/0004369.jpg,51.0,2,excluded (not lit only by artificial light at night),
478,train/0008736.jpg,51.0,2,excluded (not lit only by artificial light at night),
479,val/0022952.jpg,51.1,0,"night-time, kept",translation pool
480,val/0021132.jpg,51.1,1,excluded (not lit only by artificial light at night),
481,val/0021756.jpg,51.2,2,excluded (not lit only by artificial light at night),
482,train/0014157.jpg,51.3,2,excluded (not lit only by artificial light at night),
483,train/0018758.jpg,51.3,6,excluded (not lit only by artificial light at night),
484,train/0004859.jpg,51.3,4,excluded (not lit only by artificial light at night),
485,train/0002937.jpg,51.3,6,excluded (not lit only by artificial light at night),
486,train/0001247.jpg,51.3,3,excluded (not lit only by artificial light at night),
487,train/0001805.jpg,51.3,2,excluded (not lit only by artificial light at night),
488,val/0020556.jpg,51.4,7,"night-time, kept",translation pool
489,train/0006059.jpg,51.4,6,excluded (not lit only by artificial light at night),
490,train/0002205.jpg,51.5,8,excluded (not lit only by artificial light at night),
491,train/0002382.jpg,51.5,7,excluded (not lit only by artificial light at night),
492,train/0006133.jpg,51.6,5,excluded (not lit only by artificial light at night),
493,train/0003454.jpg,51.6,3,excluded (not lit only by artificial light at night),
494,train/0016121.jpg,51.7,3,excluded (not lit only by artificial light at night),
495,train/0014468.jpg,51.7,4,excluded (not lit only by artificial light at night),
496,val/0021521.jpg,51.7,1,"night-time, kept",translation pool
497,train/0017599.jpg,51.7,5,"night-time, kept",translation pool
498,train/0010725.jpg,51.8,6,excluded (not lit only by artificial light at night),
499,train/0013045.jpg,51.8,5,excluded (not lit only by artificial light at night),
500,train/0014421.jpg,51.9,5,excluded (not lit only by artificial light at night),
501,train/0017323.jpg,51.9,6,excluded (not lit only by artificial light at night),
502,train/0016818.jpg,51.9,0,excluded (not lit only by artificial light at night),
503,train/0014303.jpg,52.0,3,excluded (not lit only by artificial light at night),
504,train/0011986.jpg,52.0,6,excluded (not lit only by artificial light at night),
505,train/0007298.jpg,52.1,2,"night-time, kept",translation pool
506,train/0002087.jpg,52.1,3,excluded (not lit only by artificial light at night),
507,val/0021046.jpg,52.1,8,excluded (not lit only by artificial light at night),
508,train/0003803.jpg,52.1,8,excluded (not lit only by artificial light at night),
509,val/0020023.jpg,52.2,1,excluded (not lit only by artificial light at night),
510,val/0021935.jpg,52.3,3,"night-time, kept",validation
511,val/0021985.jpg,52.3,6,excluded (not lit only by artificial light at night),
512,train/0017771.jpg,52.3,8,excluded (not lit only by artificial light at night),
513,train/0011837.jpg,52.3,1,"night-time, kept",validation
514,val/0020967.jpg,52.5,4,excluded (not lit only by artificial light at night),
515,train/0005837.jpg,52.7,1,excluded (not lit only by artificial light at night),
516,train/0000563.jpg,52.8,2,excluded (not lit only by artificial light at night),
517,train/0011072.jpg,52.8,3,excluded (not lit only by artificial light at night),
518,val/0022182.jpg,52.9,4,"night-time, kept",translation pool
519,train/0003320.jpg,52.9,3,excluded (not lit only by artificial light at night),
520,train/0012919.jpg,52.9,4,excluded (not lit only by artificial light at night),
521,train/0003399.jpg,52.9,6,"night-time, kept",validation
522,val/0022450.jpg,52.9,4,excluded (not lit only by artificial light at night),
523,train/0000614.jpg,53.0,1,excluded (not lit only by artificial light at night),
524,train/0016241.jpg,53.1,4,excluded (not lit only by artificial light at night),
525,train/0008525.jpg,53.1,12,excluded (not lit only by artificial light at night),
526,val/0021227.jpg,53.1,12,excluded (not lit only by artificial light at night),
527,train/0010195.jpg,53.2,2,excluded (not lit only by artificial light at night),
528,train/0005078.jpg,53.3,5,excluded (not lit only by artificial light at night),
529,train/0019083.jpg,53.3,5,excluded (not lit only by artificial light at night),
530,train/0014350.jpg,53.3,2,excluded (not lit only by artificial light at night),
531,val/0022266.jpg,53.4,5,"night-time, kept",translation pool
532,train/0004981.jpg,53.5,1,excluded (not lit only by artificial light at night),
533,train/0010967.jpg,53.5,6,excluded (not lit only by artificial light at night),
534,train/0013032.jpg,53.5,2,excluded (not lit only by artificial light at night),
535,val/0021898.jpg,53.5,3,excluded (not lit only by artificial light at night),
536,train/0017311.jpg,53.6,8,excluded (not lit only by artificial light at night),
537,train/0013460.jpg,53.6,8,excluded (not lit only by artificial light at night),
538,train/0012330.jpg,53.6,0,excluded (not lit only by artificial light at night),
539,train/0001217.jpg,53.8,2,excluded (not lit only by artificial light at night),
540,train/0013005.jpg,54.1,1,excluded (not lit only by artificial light at night),
541,train/0009743.jpg,54.1,0,excluded (not lit only by artificial light at night),
542,train/0018004.jpg,54.2,1,excluded (not lit only by artificial light at night),
543,train/0010766.jpg,54.3,1,excluded (not lit only by artificial light at night),
544,val/0020215.jpg,54.3,0,"night-time, kept",translation pool
545,val/0021430.jpg,54.3,0,"night-time, kept",translation pool
546,train/0012298.jpg,54.4,6,"night-time, kept",translation pool
547,train/0011494.jpg,54.4,0,excluded (not lit only by artificial light at night),
548,train/0002057.jpg,54.5,5,excluded (not lit only by artificial light at night),
549,train/0008542.jpg,54.5,4,excluded (not lit only by artificial light at night),
550,train/0011806.jpg,54.5,1,"night-time, kept",validation
551,train/0017705.jpg,54.7,5,excluded (not lit only by artificial light at night),
552,train/0006021.jpg,54.7,5,excluded (not lit only by artificial light at night),
553,train/0011879.jpg,54.7,3,excluded (not lit only by artificial light at night),
554,train/0014296.jpg,54.7,8,excluded (not lit only by artificial light at night),
555,train/0011376.jpg,54.7,2,excluded (not lit only by artificial light at night),
556,train/0018184.jpg,54.8,1,excluded (not lit only by artificial light at night),
557,train/0011969.jpg,54.8,4,excluded (not lit only by artificial light at night),
558,train/0016588.jpg,54.8,3,excluded (not lit only by artificial light at night),
559,train/0003334.jpg,54.9,3,excluded (not lit only by artificial light at night),
